{"train/loss_smooth":6.181742651923829,"train/epoch":19,"best_linear_acc":0.5897436141967773,"train/lr":0.00734152255572697,"best_loss":3.2170866860283747,"eval/linear_acc":0.5897436141967773,"eval/best_linear_acc":0.5897436141967773,"_timestamp":1.7787097672275887e+09,"train/time_s":79.42053818702698,"_step":19,"train/grad_norm":20.85393238067627,"eval/epoch":19,"_wandb":{"runtime":2518},"train/throughput":7.856909739525385,"_runtime":2518.6045569,"train/effective_bs":256,"train/loss":3.2170866860283747}