{"fine_tune/frac_25/sensitivity_std":0.0459683214197542,"_runtime":27709,"fine_tune/frac_25/acc_std":0.045327357768368444,"fine_tune/frac_10/specificity_mean":0.7718842077279839,"fine_tune/frac_25/auc_std":0.03818774331931936,"fine_tune/frac_10/sensitivity_mean":0.5205739342656823,"fine_tune/frac_25/acc_mean":0.6538461538461539,"fine_tune/frac_100/sensitivity_std":0.04711326666452199,"fine_tune/frac_100/acc_std":0.06927823633900664,"fine_tune/frac_50/auc_mean":0.8680519158643758,"fine_tune/frac_100/auc_mean":0.8798999137998782,"fine_tune/frac_25/auc_mean":0.7881249406253115,"fine_tune/frac_10/auc_std":0.03745149046913209,"fine_tune/frac_10/acc_std":0.03548295513614882,"fine_tune/frac_50/sensitivity_mean":0.6708455442597636,"fine_tune/frac_10/sensitivity_std":0.0450453734247106,"fine_tune/frac_50/acc_mean":0.7371794871794872,"fine_tune/frac_100/sensitivity_mean":0.7455629085995437,"_wandb":{"runtime":27709},"_step":4,"fine_tune/frac_50/specificity_std":0.02287005773676566,"fine_tune/frac_100/specificity_std":0.029045515633201246,"fine_tune/frac_100/specificity_mean":0.863635940589804,"fine_tune/frac_50/auc_std":0.020582828698343512,"fine_tune/frac_25/specificity_mean":0.7908389724748858,"_timestamp":1.7821988209063473e+09,"fine_tune/frac_100/auc_std":0.03335900961025391,"fine_tune/frac_10/auc_mean":0.7468563773237294,"fine_tune/efficiency_table":{"log_mode":"IMMUTABLE","ncols":9,"_type":"table-file","size":847,"_latest_artifact_path":"wandb-client-artifact://tk2xshykqi1tu7fqp69yqskuyejmmt49xzm1xu5tcraaspdo9juu5f0x8usb6anbrrgz06l526u2rdwub23tpts9mwd2sife1xsh6aamnw64xtaahik8n4nxylf8vbdk:latest/fine_tune/efficiency_table.table.json","path":"media/table/fine_tune/efficiency_table_4_64510eb7ce9b67f2e131.table.json","nrows":4,"sha256":"64510eb7ce9b67f2e1319fd8f6948a86907df2fd97eaade8d12e393635419a4a","artifact_path":"wandb-client-artifact://nqqya0h91v475lmhjciloud2ftibigxxop4h1jusovle575gnhjr88ouy8dk5ifqlalbrhv0or80c1oct37dj6zwn4msrowpd3ec8a2u1i05a0m88u236xzp420xi831/fine_tune/efficiency_table.table.json"},"fine_tune/frac_25/sensitivity_mean":0.5839320001847741,"fine_tune/frac_100/acc_mean":0.7435897435897436,"fine_tune/frac_50/acc_std":0.03867462340768808,"fine_tune/frac_10/acc_mean":0.632051282051282,"fine_tune/frac_50/specificity_mean":0.8361446225998256,"fine_tune/frac_10/specificity_std":0.023979383274211948,"fine_tune/frac_50/sensitivity_std":0.04232472571729031,"fine_tune/frac_25/specificity_std":0.022661056213802305}