{"_runtime":2921,"linear_probe/frac_10/auc_std":0.02886438296490718,"linear_probe/frac_25/acc_std":0.01641826727546886,"linear_probe/frac_50/acc_mean":0.6538461538461539,"linear_probe/frac_50/auc_std":0.032926650287347724,"linear_probe/frac_10/specificity_std":0.016186838256525973,"linear_probe/frac_50/sensitivity_mean":0.5434361720641153,"_timestamp":1.7821503263052335e+09,"linear_probe/frac_50/specificity_mean":0.7756170372639278,"linear_probe/frac_10/acc_mean":0.5833333333333333,"linear_probe/frac_25/specificity_mean":0.7664329312055742,"linear_probe/frac_25/specificity_std":0.015482868199274202,"linear_probe/frac_50/sensitivity_std":0.027119094204002516,"linear_probe/frac_50/auc_mean":0.7891798136975197,"linear_probe/frac_25/auc_std":0.028131906633500035,"linear_probe/frac_50/specificity_std":0.012692370768435171,"linear_probe/frac_10/specificity_mean":0.7348842993179469,"_step":2,"linear_probe/frac_25/sensitivity_mean":0.5268632600911449,"linear_probe/frac_25/auc_mean":0.7633243800197008,"linear_probe/frac_10/acc_std":0.03737789676182883,"linear_probe/frac_25/sensitivity_std":0.041422156056746276,"linear_probe/frac_10/auc_mean":0.7065577941536313,"linear_probe/frac_50/acc_std":0.026892534568465444,"linear_probe/frac_10/sensitivity_mean":0.4627410902421201,"linear_probe/frac_25/acc_mean":0.6294871794871795,"linear_probe/frac_10/sensitivity_std":0.025631657839762397,"_wandb":{"runtime":2921}}