{"_step":250,"baseline/fold3/specificity":0.8679657518384838,"baseline/fold2/acc":0.7756410256410257,"_timestamp":1.78222548786052e+09,"baseline/fold1/acc":0.7115384615384616,"baseline/specificity_std":0.019152288179006414,"_wandb":{"runtime":2483},"baseline/fold3/acc":0.7692307692307693,"baseline/fold3/auc":0.8872035940888806,"baseline/fold2/auc":0.8940434775261519,"baseline/fold1/sensitivity":0.6547757796270542,"baseline/fold5/specificity":0.8358374871315138,"baseline/fold1/specificity":0.8220290544554038,"baseline/fold1/auc":0.8326866739762667,"baseline/fold4/specificity":0.8404200591635423,"baseline/fold5/sensitivity":0.6827221308468053,"baseline/fold2/specificity":0.8715897964238472,"baseline/fold2/sensitivity":0.7461149959365452,"baseline/fold4/auc":0.849637645423606,"baseline/sensitivity_mean":0.6915021226670774,"baseline/fold4/sensitivity":0.6377181778127071,"baseline/auc_std":0.023310113452302206,"baseline/acc_std":0.02608588455048181,"baseline/acc_mean":0.7448717948717949,"baseline/specificity_mean":0.8475684298025582,"baseline/fold3/sensitivity":0.7361795291122754,"baseline/fold4/acc":0.717948717948718,"epoch":49,"_runtime":2483,"baseline/sensitivity_std":0.04312136785161577,"baseline/fold5/auc":0.8772572384170297,"baseline/fold5/acc":0.75,"baseline/auc_mean":0.8681657258863871}