{"_wandb":{"runtime":87},"_timestamp":1.7785355708952687e+09,"_step":0,"train/time_s":46.491183042526245,"train/throughput":13.421899791821108,"train/lr":0.03,"_runtime":87.2333612,"train/loss":4.063189054790296,"train/epoch":0}