{"baseline/fold5/acc":0.7692307692307693,"baseline/fold1/specificity":0.8513482045125503,"baseline/fold1/auc":0.8967325662416755,"_step":250,"baseline/fold2/auc":0.8529966716246187,"baseline/fold1/sensitivity":0.7143550891837215,"baseline/fold4/specificity":0.8306251810021221,"baseline/specificity_std":0.010790056102536399,"baseline/fold5/specificity":0.8586380003755943,"baseline/fold5/auc":0.8848130747045121,"_timestamp":1.782238393730598e+09,"baseline/sensitivity_mean":0.686491158750518,"epoch":49,"_wandb":{"runtime":4220},"baseline/fold1/acc":0.7371794871794872,"baseline/fold2/acc":0.7307692307692307,"baseline/fold4/acc":0.7051282051282052,"_runtime":4220,"baseline/specificity_mean":0.8467496973558506,"baseline/sensitivity_std":0.03315262175085904,"baseline/acc_std":0.025959559911944343,"baseline/acc_mean":0.7435897435897436,"baseline/fold5/sensitivity":0.7194550871075075,"baseline/auc_mean":0.8761773067822928,"baseline/fold4/auc":0.8465051299762054,"baseline/fold2/sensitivity":0.6717587966041565,"baseline/fold2/specificity":0.8376359449827225,"baseline/fold3/specificity":0.8555011559062634,"baseline/fold3/acc":0.7756410256410257,"baseline/fold4/sensitivity":0.6291431002766937,"baseline/auc_std":0.02224749492139022,"baseline/fold3/auc":0.8998390913644526,"baseline/fold3/sensitivity":0.6977437205805107}