{"baseline/fold2/specificity":0.8285967557593156,"_runtime":751,"baseline/fold1/specificity":0.8169484797162753,"baseline/fold2/acc":0.7243589743589743,"_timestamp":1.7822191531077516e+09,"baseline/fold1/auc":0.8635090116171922,"baseline/fold2/sensitivity":0.6262210010894168,"baseline/fold1/sensitivity":0.6212121210756226,"epoch":24,"_step":74,"baseline/fold1/acc":0.7051282051282052,"baseline/fold2/auc":0.8503675594932442,"_wandb":{"runtime":751}}