{"baseline/fold2/specificity":0.8582757798604878,"baseline/specificity_mean":0.8424046161302539,"_wandb":{"runtime":1884},"baseline/auc_mean":0.8632064198295974,"baseline/fold2/acc":0.75,"baseline/sensitivity_std":0.03688868552719979,"baseline/fold5/specificity":0.8146985258092624,"baseline/fold3/acc":0.7243589743589743,"baseline/fold3/specificity":0.8376232119741768,"baseline/specificity_std":0.01700654233677123,"baseline/fold1/sensitivity":0.7182817181183508,"baseline/fold1/auc":0.8590470170920875,"baseline/fold4/acc":0.7307692307692307,"baseline/fold5/auc":0.8215598022389853,"baseline/fold4/auc":0.8450478267047951,"epoch":49,"baseline/fold1/specificity":0.8622383635450971,"baseline/acc_std":0.029681633084077508,"_runtime":1884,"baseline/fold2/auc":0.9037617431059323,"baseline/fold1/acc":0.7756410256410257,"baseline/fold5/acc":0.6858974358974359,"baseline/fold4/sensitivity":0.6362585901519413,"baseline/fold5/sensitivity":0.6317886029117683,"baseline/fold3/auc":0.8866157100061874,"baseline/fold2/sensitivity":0.7143689641980719,"baseline/fold4/specificity":0.8391871994622452,"baseline/acc_mean":0.7333333333333334,"_timestamp":1.7822175306337187e+09,"_step":250,"baseline/fold3/sensitivity":0.671197469898403,"baseline/auc_std":0.029237664081671878,"baseline/sensitivity_mean":0.6743790690557071}