{"baseline/fold4/auc":0.969508815596023,"baseline/fold2/auc":0.9503509409781737,"baseline/fold1/auc":0.9619404783625431,"epoch":49,"_step":250,"baseline/fold1/acc":0.8653846153846154,"baseline/auc_mean":0.9633721921188985,"baseline/fold3/acc":0.8974358974358975,"baseline/fold5/auc":0.9388915161320166,"baseline/auc_std":0.008844297759450151,"baseline/fold2/acc":0.8782051282051282,"_runtime":3822,"_wandb":{"runtime":3822},"baseline/fold3/auc":0.9647264234513143,"_timestamp":1.7794657536316648e+09,"baseline/fold5/acc":0.8333333333333334,"baseline/fold4/acc":0.8717948717948718}