{"_step":250,"epoch":49,"baseline/sensitivity_std":0.0493046625643489,"baseline/fold1/sensitivity":0.7159507157841395,"baseline/sensitivity_mean":0.6965927217211343,"baseline/fold4/auc":0.8168303525009097,"baseline/fold2/auc":0.8884277616639489,"baseline/specificity_std":0.023633189273805186,"_runtime":2935,"baseline/fold1/auc":0.8785361046717918,"baseline/fold4/acc":0.6794871794871795,"baseline/fold1/specificity":0.8563427799405536,"baseline/fold2/acc":0.7628205128205128,"baseline/fold3/sensitivity":0.7350544302902874,"baseline/acc_std":0.03657780158381307,"baseline/fold2/specificity":0.868799449515724,"baseline/fold5/specificity":0.8491919889873342,"baseline/fold4/sensitivity":0.6021103203739929,"baseline/fold3/acc":0.7884615384615384,"baseline/auc_std":0.030926912983544975,"baseline/specificity_mean":0.8528560701757982,"baseline/fold2/sensitivity":0.7336552334806848,"baseline/fold5/acc":0.7371794871794872,"baseline/fold1/acc":0.7564102564102564,"baseline/fold3/specificity":0.8795315723539097,"baseline/fold3/auc":0.9097861698437176,"baseline/fold4/specificity":0.8104145600814695,"baseline/fold5/sensitivity":0.6961929086765667,"baseline/acc_mean":0.7448717948717949,"baseline/fold5/auc":0.8761515132568182,"_wandb":{"runtime":2935},"baseline/auc_mean":0.8739463803874372,"_timestamp":1.7822221044169037e+09}