{"train/loss":0.12402848402659099,"train/time_s":56.458258867263794,"train/effective_bs":256,"_wandb":{"runtime":16922},"_step":199,"best_loss":0.10529383685853747,"eval/linear_acc":0.6794871687889099,"train/throughput":11.052413101634171,"_timestamp":1.778730898891448e+09,"best_linear_acc":0.7307692170143127,"train/lr":6.834750376549792e-06,"eval/best_linear_acc":0.7307692170143127,"train/grad_norm":0.7544291019439697,"eval/epoch":199,"_runtime":16922.1711742,"train/epoch":199,"train/loss_smooth":0.441235250576619}