{"linear_probe/frac_50/specificity_mean":0.7699173480125794,"linear_probe/frac_10/auc_std":0.03010191667457397,"linear_probe/frac_25/sensitivity_std":0.05070201876235056,"linear_probe/frac_10/specificity_mean":0.7372195344147289,"linear_probe/frac_25/sensitivity_mean":0.5042871133872773,"linear_probe/frac_10/sensitivity_mean":0.4680857455841858,"linear_probe/frac_25/specificity_mean":0.7576926270828889,"linear_probe/frac_25/auc_std":0.03269703180989533,"linear_probe/frac_100/sensitivity_mean":0.5741621829511939,"linear_probe/frac_100/acc_std":0.02990231740946308,"linear_probe/frac_100/acc_mean":0.6653846153846154,"linear_probe/frac_10/acc_std":0.04317296984739164,"linear_probe/frac_50/acc_std":0.01495115870473153,"linear_probe/efficiency_table":{"artifact_path":"wandb-client-artifact://1u9hgd67mygbrg7sza156pqa5fub3l11occhj1reyr4vcz1rnrdt52fyq63o3ap0f4nea97v9msqwtyflzhq43bnxyk9b4f7gjvd4h99ipbw0ktil14p3drqxqwplqlu/linear_probe/efficiency_table.table.json","_latest_artifact_path":"wandb-client-artifact://m1227fq5x2izqra8kpn1wo3c1wwn8g7h2taxe2apzcqztr1ukrt2rk43pw3rqta6dt2hn1z0cgcu1r94nxwqrcypt7vnqr8pq9hua1x64ioj054ve0wf04c5j1x1h2vm:latest/linear_probe/efficiency_table.table.json","nrows":4,"sha256":"299e04f6fb9988c11ce59cca0bfa01cb36e43db504b2f076b684c9995bd2160a","size":851,"log_mode":"IMMUTABLE","ncols":9,"path":"media/table/linear_probe/efficiency_table_4_299e04f6fb9988c11ce5.table.json","_type":"table-file"},"linear_probe/frac_10/acc_mean":0.582051282051282,"linear_probe/frac_100/specificity_mean":0.7875120233060697,"linear_probe/frac_25/specificity_std":0.023622352358780664,"linear_probe/frac_50/sensitivity_mean":0.5299159864219354,"linear_probe/frac_100/sensitivity_std":0.03799575040050328,"_timestamp":1.7821579326345484e+09,"linear_probe/frac_50/specificity_std":0.013538887597623742,"linear_probe/frac_10/auc_mean":0.7046237780121234,"linear_probe/frac_100/specificity_std":0.015678257593392565,"linear_probe/frac_25/acc_mean":0.6256410256410256,"linear_probe/frac_10/sensitivity_std":0.030607533424260307,"linear_probe/frac_25/auc_mean":0.7611479843598065,"_wandb":{"runtime":5659},"linear_probe/frac_100/auc_std":0.035760221163856645,"linear_probe/frac_10/specificity_std":0.017603897349038996,"linear_probe/frac_50/auc_std":0.0332503772359047,"linear_probe/frac_25/acc_std":0.029681633084077504,"linear_probe/frac_100/auc_mean":0.8031088031830329,"linear_probe/frac_50/auc_mean":0.7875233892920039,"_step":4,"linear_probe/frac_50/sensitivity_std":0.03649127752786531,"linear_probe/frac_50/acc_mean":0.6435897435897436,"_runtime":5659}